"key","description"
"ApertureGeometry_component_index","Position of the component along the beam path. The sample is at 0, components upstream have negative component_index, components downstream have positive component_index."
"ApertureGeometry_vertical","Optional description/label. Probably only present if we are an additional reference point for components rather than the location of a real component."
"Aperture_description","Declares which child group contains a path leading to a NXdata group. It is recommended (as of NIAC2014) to use this attribute to help define the path to the default dataset to be plotted. See https://www.nexusformat.org/2014_How_to_find_default_data.html for a summary of the discussion."
"Aperture_material","Absorbing material of the aperture"
"BCDI_beamSizeHorizontal","Horizontal beam size on the sample in microns"
"BCDI_beamSizeVertical","Vertical beam size on the sample in microns"
"DOI_abstract","Abstract of the DOI"
"DOI_title","Title fo the DOI"
"DOI_users","Users of the DOI. Comma separated string"
"EMCTF_resolution_limit","Limit of the resolution"
"EMMotionCorrection_average_motion","Average motion"
"EMMotionCorrection_frame_dose","Dose/frame"
"EMMotionCorrection_frame_range","Motion frame range"
"EMMotionCorrection_total_dose","Total dose"
"EMMotionCorrection_total_motion","Total motion of the sample"
"EM_amplitude_contrast","Amplitude contrast"
"EM_dose_initial","Dose initial"
"EM_dose_per_frame","Dose per frame"
"EM_grid_name","grid_name"
"EM_images_count","Number of images in movie"
"EM_magnification","Magnification"
"EM_position_x","Position X"
"EM_position_y","Position Y"
"EM_protein_acronym","Protein acronym"
"EM_sampling_rate","samplingRate"
"EM_spherical_aberration","Spherical aberration"
"EM_tilt_angle","tilt_angle"
"EM_voltage","Voltage"
"FLUO_i0","Incident intensity"
"FLUO_it","Transmitted intensity"
"Fresnel_zone_plate_fabrication","how the zone plate was manufactured. Any of these values: etched | plated | zone doubled | other"
"Fresnel_zone_plate_zone_support_material","Material present between the zones. This is usually only present for the “zone doubled” fabrication process"
"HOLO_N","Number of planes for holography"
"HOLO_dark_num_end","Index of last dark image"
"HOLO_dark_num_start","Index of first dark image"
"HOLO_holoSampleDetectorDistances","Sample/detector distances for all planes used"
"HOLO_holoSourceSampleDistances","Source/sample distances for all planes used"
"HOLO_im01_num_end","Index of last sample image in plane 1"
"HOLO_im01_num_start","Index of first sample image in plane 1"
"HOLO_im02_num_end","Index of last sample image in plane 2"
"HOLO_im02_num_start","Index of first sample image in plane 2"
"HOLO_im03_num_end","Index of last sample image in plane 3"
"HOLO_im03_num_start","Index of first sample image in plane 3"
"HOLO_im04_num_end","Index of last sample image in plane 4"
"HOLO_im04_num_start","Index of first sample image in plane 4"
"HOLO_pixelSize","Pixel size of first distance in micron"
"HOLO_ref01_num_end","Index of last reference image in plane 1"
"HOLO_ref02_num_end","Index of last reference image in plane 2"
"HOLO_ref02_num_start","Index of first reference image in plane 2"
"HOLO_ref03_num_end","Index of last reference image in plane 3"
"HOLO_ref03_num_start","Index of first reference image in plane 3"
"HOLO_ref04_num_end","Index of last reference image in plane 4"
"HOLO_ref04_num_start","Index of first reference image in plane 4"
"HTXRPD_distance","The perpendicular sample-detector distance"
"HTXRPD_energy","Beam energy"
"HTXRPD_exposureTime","Requested exposure time per diffraction pattern"
"HTXRPD_sampleVibration","The vibration speed of the powder sample (0-100 %)"
"InstrumentDetector01Rois_value","Parameters defining the ROI. Format: R1P1,R1P2 R2P1,R2P2 ... RnP1,RnP2"
"InstrumentDetector01_calibration","For MCA detectors, coefficients a, b, c to compute a scale based on channel number as a + b * x + c * x * x"
"InstrumentDetector01_elapsed_live_time","Time the detector has been actually measuring (elapsed_time - dead_time)"
"InstrumentDetector01_elapsed_real_time","Time elapsed between start and stop of the measurement"
"InstrumentDetector01_preset_time","Desired measuring time"
"InstrumentDetector02Rois_value","Parameters defining the ROI. Format: R1P1,R1P2 R2P1,R2P2 ... RnP1,RnP2"
"InstrumentDetector02_calibration","For MCA detectors, coefficients a, b, c to compute a scale based on channel number as a + b * x + c * x * x"
"InstrumentDetector02_elapsed_live_time","Time the detector has been actually measuring (elapsed_time - dead_time)"
"InstrumentDetector02_elapsed_real_time","Time elapsed between start and stop of the measurement"
"InstrumentDetector02_preset_time","Desired measuring time"
"InstrumentDetector03Rois_value","Parameters defining the ROI. Format: R1P1,R1P2 R2P1,R2P2 ... RnP1,RnP2"
"InstrumentDetector03_calibration","For MCA detectors, coefficients a, b, c to compute a scale based on channel number as a + b * x + c * x * x"
"InstrumentDetector03_elapsed_live_time","Time the detector has been actually measuring (elapsed_time - dead_time)"
"InstrumentDetector03_elapsed_real_time","Time elapsed between start and stop of the measurement"
"InstrumentDetector03_preset_time","Desired measuring time"
"InstrumentDetector04Rois_value","Parameters defining the ROI. Format: R1P1,R1P2 R2P1,R2P2 ... RnP1,RnP2"
"InstrumentDetector04_calibration","For MCA detectors, coefficients a, b, c to compute a scale based on channel number as a + b * x + c * x * x"
"InstrumentDetector04_elapsed_live_time","Time the detector has been actually measuring (elapsed_time - dead_time)"
"InstrumentDetector04_elapsed_real_time","Time elapsed between start and stop of the measurement"
"InstrumentDetector04_preset_time","Desired measuring time"
"InstrumentDetector05Rois_value","Parameters defining the ROI. Format: R1P1,R1P2 R2P1,R2P2 ... RnP1,RnP2"
"InstrumentDetector05_calibration","For MCA detectors, coefficients a, b, c to compute a scale based on channel number as a + b * x + c * x * x"
"InstrumentDetector05_elapsed_live_time","Time the detector has been actually measuring (elapsed_time - dead_time)"
"InstrumentDetector05_elapsed_real_time","Time elapsed between start and stop of the measurement"
"InstrumentDetector05_preset_time","Desired measuring time"
"InstrumentDetector06Rois_value","Parameters defining the ROI. Format: R1P1,R1P2 R2P1,R2P2 ... RnP1,RnP2"
"InstrumentDetector06_calibration","For MCA detectors, coefficients a, b, c to compute a scale based on channel number as a + b * x + c * x * x"
"InstrumentDetector06_elapsed_live_time","Time the detector has been actually measuring (elapsed_time - dead_time)"
"InstrumentDetector06_elapsed_real_time","Time elapsed between start and stop of the measurement"
"InstrumentDetector06_preset_time","Desired measuring time"
"InstrumentDetector07Rois_value","Parameters defining the ROI. Format: R1P1,R1P2 R2P1,R2P2 ... RnP1,RnP2"
"InstrumentDetector07_calibration","For MCA detectors, coefficients a, b, c to compute a scale based on channel number as a + b * x + c * x * x"
"InstrumentDetector07_elapsed_live_time","Time the detector has been actually measuring (elapsed_time - dead_time)"
"InstrumentDetector07_elapsed_real_time","Time elapsed between start and stop of the measurement"
"InstrumentDetector07_preset_time","Desired measuring time"
"InstrumentDetector08Rois_value","Parameters defining the ROI. Format: R1P1,R1P2 R2P1,R2P2 ... RnP1,RnP2"
"InstrumentDetector08_calibration","For MCA detectors, coefficients a, b, c to compute a scale based on channel number as a + b * x + c * x * x"
"InstrumentDetector08_elapsed_live_time","Time the detector has been actually measuring (elapsed_time - dead_time)"
"InstrumentDetector08_elapsed_real_time","Time elapsed between start and stop of the measurement"
"InstrumentDetector08_preset_time","Desired measuring time"
"InstrumentDetector09Rois_value","Parameters defining the ROI. Format: R1P1,R1P2 R2P1,R2P2 ... RnP1,RnP2"
"InstrumentDetector09_calibration","For MCA detectors, coefficients a, b, c to compute a scale based on channel number as a + b * x + c * x * x"
"InstrumentDetector09_elapsed_live_time","Time the detector has been actually measuring (elapsed_time - dead_time)"
"InstrumentDetector09_elapsed_real_time","Time elapsed between start and stop of the measurement"
"InstrumentDetector09_preset_time","Desired measuring time"
"InstrumentDetector10Rois_value","Parameters defining the ROI. Format: R1P1,R1P2 R2P1,R2P2 ... RnP1,RnP2"
"InstrumentDetector10_calibration","For MCA detectors, coefficients a, b, c to compute a scale based on channel number as a + b * x + c * x * x"
"InstrumentDetector10_elapsed_live_time","Time the detector has been actually measuring (elapsed_time - dead_time)"
"InstrumentDetector10_elapsed_real_time","Time elapsed between start and stop of the measurement"
"InstrumentDetector10_preset_time","Desired measuring time"
"InstrumentSource_current_end","Machine current"
"InstrumentSource_distance","Effective distance from sample Distance as seen by radiation from sample. This number should be negative to signify that it is upstream of the sample."
"InstrumentSource_emittance_x","Source emittance (nm-rad) in X (horizontal) direction."
"InstrumentSource_emittance_y","Source emittance (nm-rad) in Y (horizontal) direction."
"InstrumentSource_name","Name of source"
"InstrumentSource_probe","type of radiation probe"
"InstrumentSource_type","type of radiation source (pick one from the enumerated list and spell exactly). Spallation Neutron Source, Pulsed Reactor Neutron Source, Reactor Neutron Source, Synchrotron X-ray Source, Pulsed Muon Source, Rotating Anode X-ray,Fixed Tube X-ray,UV Laser,Free-Electron Laser,Optical Laser,Ion Source,UV Plasma Source"
"InstrumentXraylens01_aperture","Diameter of the lens"
"InstrumentXraylens01_curvature","Radius of the curvature as measured in the middle of the lens"
"InstrumentXraylens01_focus_type","The type of focus of the lens. Any of these values:line,point"
"InstrumentXraylens01_lens_geometry","Geometry of the lens. Any of these values:paraboloid,spherical,elliptical,hyperbolical"
"InstrumentXraylens01_lens_length","Length of the lens"
"InstrumentXraylens01_lens_material","Material used to make the lens"
"InstrumentXraylens01_lens_thickness","Thickness of the lens"
"InstrumentXraylens01_number_of_lenses","Number of lenses that make up the compound lens"
"InstrumentXraylens02_aperture","Diameter of the lens"
"InstrumentXraylens02_curvature","Radius of the curvature as measured in the middle of the lens"
"InstrumentXraylens02_focus_type","The type of focus of the lens. Any of these values:line,point"
"InstrumentXraylens02_lens_geometry","Geometry of the lens. Any of these values:paraboloid,spherical,elliptical,hyperbolical"
"InstrumentXraylens02_lens_length","Length of the lens"
"InstrumentXraylens02_lens_material","Material used to make the lens"
"InstrumentXraylens02_lens_thickness","Thickness of the lens"
"InstrumentXraylens02_number_of_lenses","Number of lenses that make up the compound lens"
"InstrumentXraylens03_aperture","Diameter of the lens"
"InstrumentXraylens03_curvature","Radius of the curvature as measured in the middle of the lens"
"InstrumentXraylens03_focus_type","The type of focus of the lens. Any of these values:line,point"
"InstrumentXraylens03_lens_geometry","Geometry of the lens. Any of these values:paraboloid,spherical,elliptical,hyperbolical"
"InstrumentXraylens03_lens_length","Length of the lens"
"InstrumentXraylens03_lens_material","Material used to make the lens"
"InstrumentXraylens03_lens_thickness","Thickness of the lens"
"InstrumentXraylens03_number_of_lenses","Number of lenses that make up the compound lens"
"InstrumentXraylens04_aperture","Diameter of the lens"
"InstrumentXraylens04_curvature","Radius of the curvature as measured in the middle of the lens"
"InstrumentXraylens04_focus_type","The type of focus of the lens. Any of these values:line,point"
"InstrumentXraylens04_lens_geometry","Geometry of the lens. Any of these values:paraboloid,spherical,elliptical,hyperbolical"
"InstrumentXraylens04_lens_length","Length of the lens"
"InstrumentXraylens04_lens_material","Material used to make the lens"
"InstrumentXraylens04_lens_thickness","Thickness of the lens"
"InstrumentXraylens04_number_of_lenses","Number of lenses that make up the compound lens"
"InstrumentXraylens05_aperture","Diameter of the lens"
"InstrumentXraylens05_curvature","Radius of the curvature as measured in the middle of the lens"
"InstrumentXraylens05_focus_type","The type of focus of the lens. Any of these values:line,point"
"InstrumentXraylens05_lens_geometry","Geometry of the lens. Any of these values:paraboloid,spherical,elliptical,hyperbolical"
"InstrumentXraylens05_lens_length","Length of the lens"
"InstrumentXraylens05_lens_material","Material used to make the lens"
"InstrumentXraylens05_lens_thickness","Thickness of the lens"
"InstrumentXraylens05_number_of_lenses","Number of lenses that make up the compound lens"
"InstrumentXraylens06_aperture","Diameter of the lens"
"InstrumentXraylens06_curvature","Radius of the curvature as measured in the middle of the lens"
"InstrumentXraylens06_focus_type","The type of focus of the lens. Any of these values:line,point"
"InstrumentXraylens06_lens_geometry","Geometry of the lens. Any of these values:paraboloid,spherical,elliptical,hyperbolical"
"InstrumentXraylens06_lens_length","Length of the lens"
"InstrumentXraylens06_lens_material","Material used to make the lens"
"InstrumentXraylens06_lens_thickness","Thickness of the lens"
"InstrumentXraylens06_number_of_lenses","Number of lenses that make up the compound lens"
"InstrumentXraylens07_aperture","Diameter of the lens"
"InstrumentXraylens07_curvature","Radius of the curvature as measured in the middle of the lens"
"InstrumentXraylens07_focus_type","The type of focus of the lens. Any of these values:line,point"
"InstrumentXraylens07_lens_geometry","Geometry of the lens. Any of these values:paraboloid,spherical,elliptical,hyperbolical"
"InstrumentXraylens07_lens_length","Length of the lens"
"InstrumentXraylens07_lens_material","Material used to make the lens"
"InstrumentXraylens07_lens_thickness","Thickness of the lens"
"InstrumentXraylens07_number_of_lenses","Number of lenses that make up the compound lens"
"InstrumentXraylens08_aperture","Diameter of the lens"
"InstrumentXraylens08_curvature","Radius of the curvature as measured in the middle of the lens"
"InstrumentXraylens08_focus_type","The type of focus of the lens. Any of these values:line,point"
"InstrumentXraylens08_lens_geometry","Geometry of the lens. Any of these values:paraboloid,spherical,elliptical,hyperbolical"
"InstrumentXraylens08_lens_length","Length of the lens"
"InstrumentXraylens08_lens_material","Material used to make the lens"
"InstrumentXraylens08_lens_thickness","Thickness of the lens"
"InstrumentXraylens08_number_of_lenses","Number of lenses that make up the compound lens"
"InstrumentXraylens09_aperture","Diameter of the lens"
"InstrumentXraylens09_curvature","Radius of the curvature as measured in the middle of the lens"
"InstrumentXraylens09_focus_type","The type of focus of the lens. Any of these values:line,point"
"InstrumentXraylens09_lens_geometry","Geometry of the lens. Any of these values:paraboloid,spherical,elliptical,hyperbolical"
"InstrumentXraylens09_lens_length","Length of the lens"
"InstrumentXraylens09_lens_material","Material used to make the lens"
"InstrumentXraylens09_lens_thickness","Thickness of the lens"
"InstrumentXraylens09_number_of_lenses","Number of lenses that make up the compound lens"
"InstrumentXraylens10_aperture","Diameter of the lens"
"InstrumentXraylens10_curvature","Radius of the curvature as measured in the middle of the lens"
"InstrumentXraylens10_focus_type","The type of focus of the lens. Any of these values:line,point"
"InstrumentXraylens10_lens_geometry","Geometry of the lens. Any of these values:paraboloid,spherical,elliptical,hyperbolical"
"InstrumentXraylens10_lens_length","Length of the lens"
"InstrumentXraylens10_lens_material","Material used to make the lens"
"InstrumentXraylens10_lens_thickness","Thickness of the lens"
"InstrumentXraylens10_number_of_lenses","Number of lenses that make up the compound lens"
"MRT_IC01","Counts on ION chamber 0-1"
"MRT_IC02","Counts on ION chamber 0-2"
"MRT_IC0MU1","Counts on ION MUSST chamber 0-1"
"MRT_IC0MU2","Counts on ION MUSST chamber 0-2"
"MRT_IONCH1","Counts on ION chamber 1"
"MRT_IONCH2","Counts on ION chamber 2"
"MRT_beamHeight","Beam Vertical Width"
"MRT_beamSize","Microbeam Width"
"MRT_crossAngle","Crossfiring Angle"
"MRT_crossMot","Crossfiring Motor"
"MRT_crossN","Number of Crossfiring"
"MRT_ctcMot","C-to-C Motor"
"MRT_ctcN","Number of Irradiations"
"MRT_ctcSpacing","C-to-C Spacing"
"MRT_dose","Dose Planned"
"MRT_doseRate","Dose Rate"
"MRT_expoSpeed","Z Last Speed"
"MRT_expoStart","Z Start Position"
"MRT_expoStop","Z Stop Position"
"MRT_intlcdMot","Interlaced Motor"
"MRT_intlcdOff","Interlaced Offset"
"MRT_mscType","Multislit Type"
"MXAutoprocIntegration_anomalous","anomalous"
"MXAutoprocIntegration_beam_vector_x","Vector X"
"MXAutoprocIntegration_beam_vector_y","Vector Y"
"MXAutoprocIntegration_beam_vector_z","Vector Z"
"MXAutoprocIntegration_beam_x","Refined beam x"
"MXAutoprocIntegration_beam_y","Refined beam y"
"MXAutoprocIntegration_cell_a","cell a"
"MXAutoprocIntegration_cell_alpha","cell alpha"
"MXAutoprocIntegration_cell_b","cell b"
"MXAutoprocIntegration_cell_beta","cell beta"
"MXAutoprocIntegration_cell_c","cell c"
"MXAutoprocIntegration_cell_gamma","cell gamma"
"MXAutoprocIntegration_detector_distance","Refined detector distance"
"MXAutoprocIntegration_end_image_number","Last image number of the integration"
"MXAutoprocIntegration_rotation_axis_x","X position of the rotation axis"
"MXAutoprocIntegration_rotation_axis_y","Y position of the rotation axis"
"MXAutoprocIntegration_rotation_axis_z","Z position of the rotation axis"
"MXAutoprocIntegration_space_group","Space group"
"MXAutoprocIntegration_start_image_number","First image number of the integration"
"MX_aperture","Aperture size in microns"
"MX_axis_end","Rotation end angle"
"MX_axis_range","Axis range"
"MX_axis_start","Rotation start angle"
"MX_beamShape","Beam shape at sample position"
"MX_beamSizeAtSampleX","Horizontal beam size in mm at sample position"
"MX_beamSizeAtSampleY","Vertical beam size in mm at sample position"
"MX_dataCollectionId","ISPyB data collection id"
"MX_detectorDistance","Detector to sample distance in mm"
"MX_directory","Data collection directory"
"MX_exposureTime","Exposure time in s"
"MX_flux","Flux in photon/s before data collection"
"MX_fluxEnd","Flux in photon/s before data collection"
"MX_motors_name","Motor names"
"MX_motors_value","Motor positions in mm"
"MX_numberOfImages","Number of images"
"MX_oscillationOverlap","Oscillation overlap per image"
"MX_oscillationRange","Oscillation range per image"
"MX_oscillationStart","Oscillation start of data collection"
"MX_resolution","Resolution in A"
"MX_resolution_at_corner","Resolution in A"
"MX_rotation_axis","Name of the rotation axis"
"MX_scanType","mxCuBE experiment type"
"MX_startImageNumber","Data collection image start number"
"MX_template","Image file name template"
"MX_transmission","Transmission in %"
"MX_wavelength","Wavelength in A"
"MX_xBeam","Horizontal beam centre in mm"
"MX_yBeam","Vertical beam centre in mm"
"MirrorGeometry_component_index","Position of the component along the beam path. The sample is at 0, components upstream have negative component_index, components downstream have positive component_index."
"MirrorGeometry_vertical","Optional description/label. Probably only present if we are an additional reference point for components rather than the location of a real component."
"Mirror_description","description of this mirror"
"Mirror_interior_atmosphere","Any of these values: vacuum | helium | argon"
"Mirror_type","Any of these values: single: mirror with a single material as a reflecting surface, multi: mirror with stacked, multiple layers as a reflecting surface"
"PTYCHO_Axis1_name","Scan motor in the horizontal direction"
"PTYCHO_Axis1_range","Range of the moves in microns"
"PTYCHO_Axis2_name","Scan motor in the vertical direction"
"PTYCHO_Axis2_range","Range of the moves in microns"
"PTYCHO_beamSize","Beam size on the sample in microns"
"PTYCHO_countTime","Step size during scan"
"PTYCHO_darkN","Ptycho parameters"
"PTYCHO_focusToDetectorDistance","Focus to detector distance"
"PTYCHO_parameters","Ptycho parameters"
"PTYCHO_pixelSize","Ptycho parameters"
"PTYCHO_propagation","Propagation may be near or far"
"PTYCHO_refN","Ptycho parameters"
"PTYCHO_stepSize","Step size during scan"
"PTYCHO_tomoParameters","Ptycho tomography parameters"
"Process_triggering","Defines how the process has been launched. Values are MANUAL, AUTOMATIC"
"Project_name","Name of project"
"SAXS_column_type","HPLC column type. [ex. Agilent BioSEC 130]"
"SAXS_directory","Data collection directory"
"SAXS_experimentType","Type of experiment"
"SAXS_experiment_type","It the kind of experiment: sample changer or HPLC"
"SAXS_guinier_i0","Guinier radius of giration"
"SAXS_guinier_points","Points of the Guinier region"
"SAXS_guinier_rg","Guinier radius of giration"
"SAXS_rg","Calculated radious of giration. It can be calculated with Gnom or BIFT"
"SAXS_run_number","It can be buffer or sample"
"SAXS_sample_type","It can be buffer or sample"
"SXDM_beamSizeHorizontal","Horizontal beam size on the sample in microns"
"SXDM_beamSizeVertical","Vertical beam size on the sample in microns"
"SampleChanger_position","Sample changer position"
"SampleEnvironment_description","Description of the apparatus; e.g. 100mm bore orange cryostat with Roots pump"
"SampleEnvironment_name","Apparatus identification code/model number; e.g. OC100 011"
"SampleEnvironment_type","Type of apparatus. This could be the SE codes in scheduling database; e.g. OC/100"
"SampleLocalisation_continental_region","Continental region"
"SampleLocalisation_country","Country"
"SampleLocalisation_name","Name of the localisation"
"SamplePaleoClassification_clade1","Clade 1"
"SamplePaleoClassification_clade2","Clade 2"
"SamplePaleoClassification_clade3","Clade 3"
"SamplePaleoClassification_clade4","Clade 4"
"SamplePaleoClassification_clade5","Clade 5"
"SamplePaleoClassification_clade6","Clade 6"
"SamplePaleoClassification_material_type","Material Type"
"SamplePaleoClassification_species","Species"
"SamplePaleoGeologicalTime_epoch","Epoch"
"SamplePaleoGeologicalTime_era","Era"
"SamplePaleoGeologicalTime_formation","Formation"
"SamplePaleoGeologicalTime_period","Period"
"SamplePaleo_repository_institution","Repository institution"
"SamplePaleo_scientific_domain","Scientific domain"
"SamplePatient_age","Age of the patient"
"SamplePatient_info","Information about the patient"
"SamplePatient_institute","Institute of origin of the patient"
"SamplePatient_number","Number of the patient"
"SamplePatient_organ_description","Name of the organ"
"SamplePatient_organ_name","Name of the organ"
"SamplePatient_sex","Sex of the patient"
"SamplePatient_sex","Patient sex"
"SamplePatient_sex","Donor sex"
"SamplePatient_sex","Sex of the donor"
"SamplePatient_size","Size of the patient"
"SamplePatient_weight","Weight of the patient"
"SampleProtein_acronym","Acronym of the protein"
"SampleProtein_name","Acronym of the protein"
"SampleTrackingContainer_capaticy","Total capacity of the container"
"SampleTrackingContainer_id","Identifier of the container"
"SampleTrackingContainer_position","Position of the sample within the container"
"SampleTrackingContainer_type","Type of container. Example: unipuck, spinepuck, etc..."
"SampleTrackingParcel_id","Identifier of the parcel"
"SampleTrackingParcel_storage_condition","Storage conditions of the parcel. Example: -80 degrees"
"Sample_chemical_formula","Chemical formula of the sample"
"Sample_description","Description of the sample"
"Sample_distance","Translation of the sample along the Z-direction of the laboratory coordinate system"
"Sample_name","Name of the sample"
"Sample_situation","The atmosphere will be one of the components, which is where its details will be stored; the relevant components will be indicated by the entry in the sample_component member."
"Sample_temperature_env","Additional sample temperature environment information"
"Sample_ub_matrix","UB matrix of single crystal sample using Busing-Levy convention: W. R. Busing and H. A. Levy (1967). Acta Cryst. 22, 457-464. This is the multiplication of the orientation_matrix, given above, with the BB matrix which can be derived from the lattice constants."
"Source_current_start","Machine current"
"TOMO_FTOMO_PAR","Ftomo parameters"
"TOMO_ZDelta","incremental value of the stage"
"TOMO_ZMot","motor mnemonic"
"TOMO_ZNsteps","Number of stage"
"TOMO_ZStart","initial position of the motor 1st stage"
"TOMO_accExposureTime","Time of 1 frame in accumulation mode"
"TOMO_accFramesCount","Number of frames in accumulation mode"
"TOMO_accelDisp","Micos rot accel disp"
"TOMO_autoUpdateRef","update ref auto if set"
"TOMO_beamCheck","Suspend scan if no beam if set"
"TOMO_camXMot","Motor to move detector along beam axis"
"TOMO_ccdAcqMode","Detector acquisition mode"
"TOMO_ccdFlipHorz","Detector horizontal flip if set"
"TOMO_ccdFlipVert","Detector vertical flip if set"
"TOMO_ccdMode","Acquisition mode FTM-FFM"
"TOMO_ccdPixelSize","Detector Pixel size"
"TOMO_ccdTime","Integration time in s"
"TOMO_comment","Comment"
"TOMO_darkN","Dark images NUMERIC"
"TOMO_detectorDistance","Sample detector distance"
"TOMO_energy","Beam energy"
"TOMO_experimentType","Type of experiment"
"TOMO_exposureTime","Exposure time in s"
"TOMO_halfAcquisition","half-acquisition mode if set"
"TOMO_i0","Incident intensity"
"TOMO_i0_end","Incident flux"
"TOMO_i0_start","Incident flux"
"TOMO_idNames","it is the insertion device when you are on an ID beamline"
"TOMO_imagePixelSize","pixel size optic used"
"TOMO_imagesAtEndAsQuali","Using images at end as quali if set"
"TOMO_imagesPerStep","Number of images per steps"
"TOMO_interlaced","Interlaced scan if set"
"TOMO_interlaced_roundtrip","boolean : Same or opposite directions when interlacing"
"TOMO_it","Transmitted intensity"
"TOMO_it_end","Transmitted flux"
"TOMO_it_start","Transmitted flux"
"TOMO_jp2CompressRatio","compression level used for the conversion from the tif 16bits to the jpeg2000 16 bits. It is typically 10x size reduction, but it can be adapted if needed."
"TOMO_latencyTime","Extra readout time for detector at each projection"
"TOMO_liveCorrection","Dark fields recorded befor scan if set"
"TOMO_magnification","Magnification of pixel size due to optics"
"TOMO_manualPixelSize","Force user to indicate pixel size if set"
"TOMO_max32to16bits","the two values used to convert from the initial 32 bits scale in float to the 16 bits one in unsigned integer. These values can be used in case some quantification would be required."
"TOMO_min32to16bits","the two values used to convert from the initial 32 bits scale in float to the 16 bits one in unsigned integer. These values can be used in case some quantification would be required."
"TOMO_monoTuneOnRef","Tune mono before taking references if set"
"TOMO_monoTuneOnStart","Tune mono befor scan starts if set"
"TOMO_nested","Nested case for topotomo if set"
"TOMO_noAccelCorr","Correct motion at acceleration if set"
"TOMO_noImagesAtEnd","Do not take images at end of scan if set"
"TOMO_noRefAtEnd","Take references at the end of the scan if set"
"TOMO_openSlitsOnQuali","Enlarge the beam for quaki images if set"
"TOMO_opticsEyePiece","Magnification factor obtained from optics name"
"TOMO_opticsType","Optics type"
"TOMO_pixelSizeCorrect","Manual pixel size"
"TOMO_projN","Projections NUMERIC"
"TOMO_propagationDistance","It is the propagation distance, i.e. distance between the sample and the detector."
"TOMO_readSrcur","Read beam intensity in real time if set"
"TOMO_readoutTime","Detector readout time"
"TOMO_refN","Reference images NUMERIC"
"TOMO_refOn","Reference images every REF_ON projections"
"TOMO_refPower","Manage references motor power if set"
"TOMO_roundingCorrection","Apply rounding corrections when steps/projs not int if set"
"TOMO_safeTime","Extra readout time for detector at each projection"
"TOMO_saveSeparateDarkImage","Do not save a unique dark file if set"
"TOMO_scanGeometry","half acquisition means that each frame is half of the field of view, with the center of rotation on the side. i.e. you need 360 degrees to cover the complete field of view. You can also find simple scans that can be either on 180 degres or on 360 degres with the center of rotation in the middle, and in all these data, we also have quarter-acquisition scans, that are made with one half-acquisition + one annular scan (the center of rotation is out of the field of view for this last one). We then need both the genometry and the angular range of the scan to describbe fully the scanning geometry."
"TOMO_scanRadix","All these datasets are resulting from series of scans (typically moving in z, but also for one of them in y). The ScanRadix is then the original common part of the name of all the subscans. It is what could be used to research the original radiographs in iCAT for instance"
"TOMO_scanRange","Rotation range for tomography"
"TOMO_scanTime","it is the insertion device when you are on an ID beamline"
"TOMO_scintillator","Scintillator name"
"TOMO_seriesTime","it is the insertion device when you are on an ID beamline"
"TOMO_shiftTurns","Number of shifted turns"
"TOMO_software","Hostname + fasttomo,mac path and date"
"TOMO_sourceSampleDistance","Source sample distance"
"TOMO_speedCorrFactor","Rotation speed correction factor"
"TOMO_srcurStart","Beam intensity before scan"
"TOMO_srcurStop","Beam intensity after sacn"
"TOMO_sx0","Focus position"
"TOMO_technique","Technique used like Hierachical Phase-Contrast Tomography"
"TOMO_unbinnedPixelSize","Original (image) pixel size without binning"
"TOMO_vacuumName","Vacuum names"
"TOMO_vacuumValue","Vacuum values"
"TOMO_xStages","it correspond to the number of scan in a given series, and indicates if these scans have been done along x axis. For all of them except one, it is in z, but as we have one in y direction, I had to introduce directly the three possibilities to cover all the possible cases. AS it is also possible to have several columns for a single final volume, it would be possible to have cases where the x,y and z stages are altogether higher than 1 (3D mozaic scan)"
"TOMO_x_volume","size in pixel of the reconstructed volume in respective x y and z . if you multiply the three together and then by 2, you have the total size of the dataset without compression"
"TOMO_xshutterTime","Detector shutter closing time during readout"
"TOMO_yStages","it correspond to the number of scan in a given series, and indicates if these scans have been done along y axis. For all of them except one, it is in z, but as we have one in y direction, I had to introduce directly the three possibilities to cover all the possible cases. AS it is also possible to have several columns for a single final volume, it would be possible to have cases where the x,y and z stages are altogether higher than 1 (3D mozaic scan)"
"TOMO_yStep","Sample translation for reference images"
"TOMO_y_volume","size in pixel of the reconstructed volume in respective x y and z . if you multiply the three together and then by 2, you have the total size of the dataset without compression"
"TOMO_zStages","it correspond to the number of scan in a given series, and indicates if these scans have been done along z axis. For all of them except one, it is in z, but as we have one in y direction, I had to introduce directly the three possibilities to cover all the possible cases. AS it is also possible to have several columns for a single final volume, it would be possible to have cases where the x,y and z stages are altogether higher than 1 (3D mozaic scan)"
"TOMO_zStep","Sample vertical translation for reference images"
"TOMO_z_volume","size in pixel of the reconstructed volume in respective x y and z . if you multiply the three together and then by 2, you have the total size of the dataset without compression"
"beamlineID","ID of the beamline"
"datasetName","Name of the dataset"
"definition","Techniques used to collect this dataset"
"endDate","Scan ending date"
"location","Scan starting date"
"proposal","Proposal code"
"saxs_definition","Technique used to collect this dataset"
"saxs_definition.version","Version"
"scanNumber","Scan number"
"scanType","Scan type can be `step_by_step` or `continuous`"
"startDate","Scan starting date"
"xrf_definition","Technique used to collect this dataset"
